{
  "roc_auc": 0.9636423405654175,
  "report": {
    "0": {
      "precision": 0.9506172839506173,
      "recall": 0.6581196581196581,
      "f1-score": 0.7777777777777778,
      "support": 234.0
    },
    "1": {
      "precision": 0.8268398268398268,
      "recall": 0.9794871794871794,
      "f1-score": 0.8967136150234741,
      "support": 390.0
    },
    "accuracy": 0.8589743589743589,
    "macro avg": {
      "precision": 0.888728555395222,
      "recall": 0.8188034188034188,
      "f1-score": 0.837245696400626,
      "support": 624.0
    },
    "weighted avg": {
      "precision": 0.8732563732563733,
      "recall": 0.8589743589743589,
      "f1-score": 0.852112676056338,
      "support": 624.0
    }
  }
}