{
  "MAE": 1.4088649999999996,
  "RMSE": 1.7154507964380672,
  "R2": 0.5821683582672755
}