{
  "roc_auc": 0.8942624029477563,
  "report": {
    "0": {
      "precision": 0.9426751592356688,
      "recall": 0.9932885906040269,
      "f1-score": 0.9673202614379085,
      "support": 149.0
    },
    "1": {
      "precision": 0.9767441860465116,
      "recall": 0.8235294117647058,
      "f1-score": 0.8936170212765957,
      "support": 51.0
    },
    "accuracy": 0.95,
    "macro avg": {
      "precision": 0.9597096726410902,
      "recall": 0.9084090011843664,
      "f1-score": 0.930468641357252,
      "support": 200.0
    },
    "weighted avg": {
      "precision": 0.9513627610724336,
      "recall": 0.95,
      "f1-score": 0.9485259351967739,
      "support": 200.0
    }
  }
}